City_ID,City,Country,Lat,Lng,Max Temp,Humidity,Cloudiness,Wind Speed,Current Description
0,Port Alfred,ZA,-33.5906,26.891,65.17,78,48,14.81,scattered clouds
1,Taguatinga,BR,-12.3857,-46.5711,91.9,18,0,6.06,clear sky
2,Puerto Ayora,EC,-0.7393,-90.3518,73.36,90,96,8.99,overcast clouds
3,Jamestown,US,42.097,-79.2353,73.06,35,0,8.05,clear sky
4,Kovernino,RU,57.1253,43.8142,50.54,55,82,5.46,broken clouds
5,Port Elizabeth,ZA,-33.918,25.5701,75.09,75,0,4.61,clear sky
6,Namie,JP,37.4833,141.0,77.72,93,100,5.41,overcast clouds
7,Bluff,NZ,-46.6,168.3333,50.88,91,100,4.09,overcast clouds
8,Kapaa,US,22.0752,-159.319,77.32,83,40,12.66,scattered clouds
9,Kaitangata,NZ,-46.2817,169.8464,49.69,96,100,1.88,overcast clouds
10,Takoradi,GH,4.8845,-1.7554,76.82,82,51,10.09,broken clouds
11,Hermanus,ZA,-34.4187,19.2345,59.81,81,100,19.82,overcast clouds
12,Hobart,AU,-42.8794,147.3294,38.05,94,32,5.75,scattered clouds
13,Warrington,GB,53.3925,-2.5802,76.87,49,0,10.36,clear sky
14,Nikolskoye,RU,59.7035,30.7861,48.09,90,100,11.81,moderate rain
15,Rikitea,PF,-23.1203,-134.9692,71.78,79,5,8.84,clear sky
16,Ahipara,NZ,-35.1667,173.1667,48.94,83,99,5.39,overcast clouds
17,Nantucket,US,41.2835,-70.0995,84.25,50,0,16.11,clear sky
18,Los Llanos De Aridane,ES,28.6585,-17.9182,73.15,69,20,11.5,few clouds
19,Punta Arenas,CL,-53.15,-70.9167,46.51,53,75,27.63,broken clouds
20,Bengkulu,ID,-3.8004,102.2655,75.2,90,100,3.71,overcast clouds
21,Atuona,PF,-9.8,-139.0333,77.07,65,38,21.74,scattered clouds
22,Suhbaatar,MN,50.2314,106.2078,55.98,74,26,1.3,scattered clouds
23,Nampula,MZ,-15.1165,39.2666,68.2,54,82,9.69,broken clouds
24,Homer,US,59.6425,-151.5483,52.81,91,75,5.01,light rain
25,Hilo,US,19.7297,-155.09,74.28,84,100,4.61,moderate rain
26,Norman Wells,CA,65.282,-126.8329,57.24,77,75,12.66,broken clouds
27,Kruisfontein,ZA,-34.0033,24.7314,72.88,37,94,7.58,overcast clouds
28,Kavieng,PG,-2.5744,150.7967,81.68,72,100,14.29,overcast clouds
29,Utica,US,43.1009,-75.2327,70.68,61,68,3.0,broken clouds
30,Busselton,AU,-33.65,115.3333,54.16,75,100,15.9,overcast clouds
31,Mataura,NZ,-46.1927,168.8643,48.2,98,97,1.99,overcast clouds
32,Ribeira Grande,PT,38.5167,-28.7,77.4,65,40,8.05,scattered clouds
33,Lashma,RU,54.9321,41.1438,50.13,60,99,4.09,overcast clouds
34,Katsuura,JP,35.1333,140.3,80.24,86,2,14.47,clear sky
35,Williston,US,48.147,-103.618,90.81,44,23,3.0,few clouds
36,Vaini,TO,-21.2,-175.2,68.16,94,20,6.91,few clouds
37,Asau,RO,46.4333,26.4,67.28,72,98,3.74,overcast clouds
38,Cape Town,ZA,-33.9258,18.4232,60.28,77,75,16.11,broken clouds
39,Esperance,AU,-33.8667,121.9,49.69,88,38,11.9,scattered clouds
40,Georgetown,MY,5.4112,100.3354,80.53,89,40,3.44,scattered clouds
41,Skjervoy,NO,70.0311,20.9714,48.2,70,12,9.55,few clouds
42,Fortuna,US,40.5982,-124.1573,54.99,96,100,3.44,overcast clouds
43,Guerrero Negro,MX,27.9769,-114.0611,85.53,48,0,6.78,clear sky
44,Kamenka,RU,51.3223,42.7678,61.84,77,100,1.95,overcast clouds
45,Ushuaia,AR,-54.8,-68.3,46.02,65,40,14.97,scattered clouds
46,Araouane,ML,18.9048,-3.5265,103.6,16,10,4.85,clear sky
47,Tuktoyaktuk,CA,69.4541,-133.0374,55.4,82,20,11.5,few clouds
48,Denpasar,ID,-8.65,115.2167,78.46,88,20,6.91,few clouds
49,Saint George,US,37.1041,-113.5841,93.63,18,0,0.0,clear sky
50,Margate,GB,51.3813,1.3862,72.7,76,100,5.01,overcast clouds
51,Khatanga,RU,71.9667,102.5,36.57,97,100,13.69,light rain
52,Taoudenni,ML,22.6783,-3.9836,111.78,8,5,8.9,clear sky
53,North Platte,US,41.1239,-100.7654,86.11,42,0,7.0,clear sky
54,Veraval,IN,20.9,70.3667,80.1,82,87,8.08,overcast clouds
55,Arraial Do Cabo,BR,-22.9661,-42.0278,76.96,56,0,19.57,clear sky
56,Bredasdorp,ZA,-34.5322,20.0403,58.73,80,100,8.01,overcast clouds
57,Longyearbyen,SJ,78.2186,15.6401,44.44,76,75,3.44,broken clouds
58,San Patricio,US,28.017,-97.5169,91.29,54,21,7.78,few clouds
59,Samagaltay,RU,50.6022,95.0047,53.24,55,75,5.86,broken clouds
60,Souillac,MU,-20.5167,57.5167,70.18,73,40,8.05,light rain
61,Saldanha,ZA,-33.0117,17.9442,57.25,88,99,9.33,overcast clouds
62,Vardo,NO,70.3705,31.1107,46.38,76,100,18.41,overcast clouds
63,Viransehir,TR,37.2353,39.7631,96.71,12,31,7.78,scattered clouds
64,Albany,US,42.6001,-73.9662,71.94,52,88,1.01,overcast clouds
65,Lavrentiya,RU,65.5833,-171.0,45.84,92,100,8.19,light rain
66,Dungarvan,IE,52.0881,-7.6253,67.55,80,31,5.99,scattered clouds
67,Alyangula,AU,-13.8483,136.4192,73.83,84,3,5.79,clear sky
68,Jimma,ET,7.6667,36.8333,61.09,94,90,1.66,moderate rain
69,Coquimbo,CL,-29.9533,-71.3436,60.53,58,20,8.05,few clouds
70,Hasaki,JP,35.7333,140.8333,75.29,84,1,16.35,clear sky
71,Atyashevo,RU,54.5644,46.0691,60.71,39,72,8.12,broken clouds
72,Banda Aceh,ID,5.5577,95.3222,77.36,85,100,12.37,overcast clouds
73,Faanui,PF,-16.4833,-151.75,78.78,62,46,16.06,scattered clouds
74,Namibe,AO,-15.1961,12.1522,63.52,85,56,10.13,broken clouds
75,Micheweni,TZ,-4.9667,39.8333,74.91,78,5,16.02,clear sky
76,Trincomalee,LK,8.5711,81.2335,78.82,80,90,18.21,overcast clouds
77,Thompson,CA,55.7435,-97.8558,69.96,64,75,10.36,broken clouds
78,Khash,IR,28.2211,61.2158,78.49,10,0,10.85,clear sky
79,Cururupu,BR,-1.8283,-44.8683,86.88,52,36,7.56,scattered clouds
80,Ilulissat,GL,69.2167,-51.1,46.42,49,75,17.27,broken clouds
81,Santa Clarita,US,34.3917,-118.5426,107.62,20,0,1.01,clear sky
82,Carnarvon,AU,-24.8667,113.6333,72.91,63,100,12.26,overcast clouds
83,Jalu,LY,29.0331,21.5482,90.21,27,0,11.12,clear sky
84,Sakakah,SA,29.9697,40.2064,99.97,9,0,4.36,clear sky
85,Rognan,NO,67.0953,15.3878,55.06,65,48,3.56,scattered clouds
86,Altay,CN,47.8667,88.1167,60.39,31,0,6.4,clear sky
87,Taltal,CL,-25.4,-70.4833,62.06,61,0,8.81,clear sky
88,Bonavista,CA,48.6499,-53.1147,68.88,77,14,22.86,few clouds
89,Butaritari,KI,3.0707,172.7902,81.39,72,34,17.96,scattered clouds
90,Pine Bluff,US,34.2284,-92.0032,87.1,49,0,3.44,clear sky
91,Necochea,AR,-38.5473,-58.7368,60.94,59,100,9.66,overcast clouds
92,Mar Del Plata,AR,-38.0023,-57.5575,64.42,73,0,11.5,clear sky
93,Luderitz,NA,-26.6481,15.1594,58.91,84,1,9.6,clear sky
94,Caraz,PE,-9.0486,-77.81,75.36,30,14,6.22,few clouds
95,Ponta Do Sol,PT,32.6667,-17.1,77.63,63,75,3.4,light rain
96,Nanortalik,GL,60.1432,-45.2371,48.13,56,100,0.72,overcast clouds
97,Menongue,AO,-14.6585,17.691,73.4,19,45,5.88,scattered clouds
98,Avarua,CK,-21.2078,-159.775,75.25,94,75,3.44,broken clouds
99,Bereda,ES,43.2686,-7.5406,69.42,75,89,4.99,overcast clouds
100,Chokurdakh,RU,70.6333,147.9167,34.41,84,39,11.1,scattered clouds
101,Qaanaaq,GL,77.484,-69.3632,36.03,71,83,7.99,broken clouds
102,Grays,GB,51.4757,0.3252,73.56,67,100,12.66,overcast clouds
103,Callaguip,PH,18.0714,120.4867,81.25,82,100,13.0,moderate rain
104,Ryotsu,JP,38.0833,138.4333,72.79,84,100,9.78,light rain
105,Hofn,IS,64.2539,-15.2082,51.82,82,20,12.66,few clouds
106,Baykit,RU,61.67,96.37,35.51,97,12,3.13,few clouds
107,Khatra,IN,22.9833,86.85,82.27,81,100,8.86,overcast clouds
108,Miri,MY,4.4148,114.0089,78.94,89,20,4.61,few clouds
109,Constitucion,CL,-35.3333,-72.4167,57.61,58,50,13.44,scattered clouds
110,Tual,ID,-5.6667,132.75,80.74,83,82,13.42,broken clouds
111,Izhmorskiy,RU,56.194,86.6414,62.91,65,96,7.76,overcast clouds
112,Fredericton,CA,45.9454,-66.6656,77.83,54,20,9.22,few clouds
113,Barrow,US,71.2906,-156.7887,37.42,100,100,19.57,light rain
114,Beyneu,KZ,45.3167,55.2,91.81,13,1,10.58,clear sky
115,Castro,BR,-24.7911,-50.0119,73.92,40,0,6.33,clear sky
116,Krasnovka,RU,48.8177,40.0923,68.0,61,98,12.12,overcast clouds
117,Kodiak,US,57.79,-152.4072,51.31,82,75,5.75,broken clouds
118,East London,ZA,-33.0153,27.9116,65.34,77,0,6.91,clear sky
119,Springfield,US,37.2153,-93.2982,85.91,61,0,10.36,clear sky
120,Garowe,SO,8.4054,48.4845,87.22,33,75,20.69,broken clouds
121,Olafsvik,IS,64.8945,-23.7142,49.8,70,83,3.36,broken clouds
122,Misratah,LY,32.3754,15.0925,86.81,54,37,7.43,scattered clouds
123,Ostrovnoy,RU,68.0531,39.5131,46.67,79,99,21.05,light rain
124,Yellowknife,CA,62.456,-114.3525,52.32,87,100,6.91,light intensity drizzle
125,Yuci,CN,37.6803,112.7319,65.95,72,0,8.95,clear sky
126,Pacific Grove,US,36.6177,-121.9166,77.38,100,0,4.0,clear sky
127,Saint-Philippe,RE,-21.3585,55.7679,65.79,74,58,13.2,broken clouds
128,Killybegs,IE,54.6333,-8.45,67.71,70,84,3.15,broken clouds
129,Farafangana,MG,-22.8167,47.8333,65.57,74,0,9.1,clear sky
130,Cherskiy,RU,68.75,161.3,33.44,82,14,3.69,few clouds
131,Mirante Do Paranapanema,BR,-22.2919,-51.9064,85.1,33,0,10.31,clear sky
132,Isangel,VU,-19.55,169.2667,70.39,78,65,10.0,broken clouds
133,Neuquen,AR,-38.9516,-68.0591,62.49,27,0,9.22,clear sky
134,Iqaluit,CA,63.7506,-68.5145,41.7,93,100,21.0,light rain
135,Cidreira,BR,-30.1811,-50.2056,66.16,65,31,10.8,scattered clouds
136,Portland,US,45.5234,-122.6762,77.05,70,6,2.15,clear sky
137,Potosi,BO,-19.5836,-65.7531,58.06,26,0,20.71,clear sky
138,Vuktyl,RU,63.8567,57.3094,45.32,86,100,14.09,light rain
139,Liverpool,GB,53.4106,-2.9779,76.69,44,0,10.36,clear sky
140,Talnakh,RU,69.4865,88.3972,42.21,83,57,2.28,broken clouds
141,Shelburne,CA,44.0787,-80.2041,67.12,48,49,10.56,scattered clouds
142,Geraldton,AU,-28.7667,114.6,64.81,29,100,20.71,overcast clouds
143,Manicore,BR,-5.8092,-61.3003,93.15,52,20,4.61,few clouds
144,Bandarbeyla,SO,9.4942,50.8122,75.67,81,19,32.1,few clouds
145,Villa Carlos Paz,AR,-31.4241,-64.4978,74.05,17,16,18.99,few clouds
146,Empalme,MX,27.9667,-110.8167,86.92,79,75,5.75,broken clouds
147,Moultrie,US,31.1799,-83.7891,88.07,70,0,3.44,clear sky
148,Magdagachi,RU,53.45,125.8,50.79,68,89,3.78,overcast clouds
149,Grindavik,IS,63.8424,-22.4338,50.47,81,75,12.66,broken clouds
150,Nangomba,TZ,-10.9,38.5,77.68,27,1,4.05,clear sky
151,Dikson,RU,73.5069,80.5464,39.78,81,27,22.41,scattered clouds
152,Roald,NO,62.5833,6.1333,62.76,72,40,2.3,scattered clouds
153,Iskateley,RU,67.6803,53.1512,44.76,74,99,11.5,overcast clouds
154,Karratha,AU,-20.7377,116.8463,71.91,84,72,5.3,broken clouds
155,New Norfolk,AU,-42.7826,147.0587,37.71,70,24,3.27,few clouds
156,Bambous Virieux,MU,-20.3428,57.7575,70.05,73,40,8.05,scattered clouds
157,Pevek,RU,69.7008,170.3133,32.67,82,100,1.95,overcast clouds
158,Saskylakh,RU,71.9167,114.0833,40.17,90,100,16.64,overcast clouds
159,Laguna,US,38.421,-121.4238,98.08,42,0,5.75,clear sky
160,Sterling,US,39.0062,-77.4286,87.13,44,20,11.99,few clouds
161,Hovd,MN,48.0056,91.6419,60.53,39,19,1.14,few clouds
162,Katobu,ID,-4.9408,122.5276,74.16,95,68,3.96,broken clouds
163,Barahona,DO,18.2085,-71.1008,87.42,57,37,7.85,scattered clouds
164,Sydney,AU,-33.8679,151.2073,58.3,91,0,6.91,clear sky
165,Port Hedland,AU,-20.3167,118.5667,71.65,64,100,6.91,overcast clouds
166,Molteno,ZA,-31.3968,26.3625,56.55,57,88,10.45,overcast clouds
167,Nivala,FI,63.9167,24.9667,44.69,58,49,6.55,scattered clouds
168,Rabak,SD,13.1809,32.74,80.01,69,100,11.05,overcast clouds
169,Pearl River,US,41.059,-74.0218,85.6,38,10,4.0,clear sky
170,Urumqi,CN,43.801,87.6005,72.55,27,0,11.18,clear sky
171,Airai,TL,-8.9266,125.4092,58.12,90,22,3.06,few clouds
172,Severo-Kurilsk,RU,50.6789,156.125,54.25,77,100,8.55,overcast clouds
173,Hualmay,PE,-11.0964,-77.6139,65.75,66,27,12.17,scattered clouds
174,Klaksvik,FO,62.2266,-6.589,52.72,95,100,16.24,overcast clouds
175,Labuhan,ID,-6.8844,112.2051,79.23,81,10,7.49,clear sky
176,Victoria,HK,22.2855,114.1577,85.32,73,97,1.99,overcast clouds
177,Half Moon Bay,US,37.4636,-122.4286,84.81,71,100,12.66,overcast clouds
178,Lebu,CL,-37.6167,-73.65,52.59,75,0,14.23,clear sky
179,Tongren,CN,27.7172,109.1853,71.4,70,93,3.0,overcast clouds
180,Broken Hill,AU,-31.95,141.4333,48.47,63,53,9.93,broken clouds
181,Asosa,ET,10.0667,34.5333,60.6,94,95,1.16,overcast clouds
182,Narsaq,GL,60.9167,-46.05,52.02,36,100,2.93,overcast clouds
183,Mersing,MY,2.4312,103.8405,78.71,89,40,4.61,scattered clouds
184,Atar,MR,20.5169,-13.0499,97.36,34,26,9.35,scattered clouds
185,Raudeberg,NO,61.9875,5.1352,57.87,40,14,2.08,few clouds
186,Chhindwara,IN,22.0667,78.9333,75.09,89,83,3.27,broken clouds
187,Madera,US,37.1666,-119.8343,103.98,20,0,3.0,clear sky
188,Jatiroto,ID,-7.8833,111.1167,73.69,90,23,2.19,few clouds
189,Elizabeth City,US,36.2946,-76.2511,87.04,62,75,4.61,broken clouds
190,Campo Grande,BR,-20.4428,-54.6464,92.75,22,0,13.8,clear sky
191,Toora-Khem,RU,52.4675,96.11,49.73,85,53,2.19,broken clouds
192,Haimen,CN,23.1935,116.6142,78.69,88,93,7.54,overcast clouds
193,Voznesenskaya,RU,44.5527,41.0318,80.33,39,37,6.8,scattered clouds
194,Sitka,US,57.0531,-135.33,57.09,72,75,6.91,broken clouds
195,Samarai,PG,-10.6167,150.6667,79.11,83,82,9.22,broken clouds
196,Naze,JP,28.3667,129.4833,81.52,86,46,21.52,scattered clouds
197,Pedernales,DO,18.0384,-71.744,83.48,72,29,4.43,scattered clouds
198,Tuatapere,NZ,-46.1333,167.6833,49.44,96,85,1.83,overcast clouds
199,Male,MV,4.1748,73.5089,78.75,89,75,16.08,broken clouds
200,Huixtla,MX,15.15,-92.4667,80.28,74,65,4.68,broken clouds
201,Sinnamary,GF,5.3833,-52.95,84.76,69,63,12.55,broken clouds
202,Pangnirtung,CA,66.1451,-65.7125,51.8,58,100,18.41,overcast clouds
203,Riviere-Au-Renard,CA,48.9957,-64.3971,73.69,51,2,13.22,clear sky
204,Berlevag,NO,70.8578,29.0864,46.4,71,100,14.97,overcast clouds
205,Port Hardy,CA,50.6996,-127.4199,55.4,100,75,2.3,mist
206,Nador,MA,35.174,-2.9287,91.65,27,0,4.61,light rain
207,Berea,US,41.3662,-81.8543,82.85,58,20,4.61,few clouds
208,Saint-Pierre,RE,-21.3393,55.4781,68.92,80,0,3.44,clear sky
209,Maldonado,UY,-34.6667,-54.9167,59.23,89,100,2.35,overcast clouds
210,Maniitsoq,GL,65.4167,-52.9,44.83,62,100,11.23,overcast clouds
211,Cruz Alta,BR,-28.6386,-53.6064,74.77,64,2,12.82,clear sky
212,Vila Velha,BR,-20.3297,-40.2925,75.15,69,20,11.5,few clouds
213,Tasiilaq,GL,65.6145,-37.6368,50.16,75,1,3.33,clear sky
214,Trat,TH,12.5,102.5,83.88,92,36,1.5,scattered clouds
215,Te Anau,NZ,-45.4167,167.7167,50.4,94,99,1.57,overcast clouds
216,Novoagansk,RU,61.9449,76.6625,42.19,79,99,6.38,overcast clouds
217,Batemans Bay,AU,-35.7167,150.1833,57.09,87,99,7.11,overcast clouds
218,Aksha,RU,50.2814,113.2867,51.44,72,6,3.87,clear sky
219,Orbe,CH,46.725,6.5307,72.91,57,87,7.14,overcast clouds
220,Bedele,ET,8.456,36.353,55.54,96,78,3.2,light rain
221,Yakeshi,CN,49.2833,120.7333,48.94,45,4,4.79,clear sky
222,Dunedin,NZ,-45.8742,170.5036,49.8,91,100,3.67,overcast clouds
223,Nizhniy Odes,RU,63.6445,54.856,43.56,96,100,11.07,light rain
224,Robertson,US,36.5167,-86.8667,85.75,46,0,4.61,clear sky
225,Guanica,PR,17.9716,-66.908,90.7,75,19,5.61,light rain
226,Dingtao,CN,35.0683,115.5625,68.5,84,51,4.14,broken clouds
227,Marawi,PH,7.9986,124.2928,69.21,91,99,4.9,overcast clouds
228,Kutum,SD,14.2,24.6667,86.32,30,26,6.26,scattered clouds
229,Hilton Head Island,US,32.2163,-80.7526,85.98,85,40,4.0,scattered clouds
230,Robertsport,LR,6.7533,-11.3686,77.63,79,100,13.31,light rain
231,Komsomolskiy,UZ,40.4272,71.7189,74.12,43,0,4.61,clear sky
232,Nouadhibou,MR,20.931,-17.0347,85.98,79,20,9.22,few clouds
233,Skibbereen,IE,51.55,-9.2667,63.5,70,67,3.0,broken clouds
234,Tahoua,NE,14.8888,5.2692,69.78,94,20,20.71,thunderstorm with heavy rain
235,Krasnogvardeyets,RU,52.6804,52.3635,70.97,59,100,3.8,light rain
236,Zhongshu,CN,24.5167,103.7667,62.89,94,100,3.24,overcast clouds
237,Santa Barbara,US,34.7333,-120.0343,106.34,12,71,3.56,broken clouds
238,Lasa,IT,46.6166,10.7002,70.68,78,97,2.42,overcast clouds
239,Hamilton,US,39.1834,-84.5333,88.21,51,40,1.01,scattered clouds
240,Madimba,TZ,-10.4,40.3333,73.8,73,1,19.42,clear sky
241,Juneau,US,58.3019,-134.4197,56.21,96,100,6.91,light rain
242,Eldorado,BR,-23.7869,-54.2836,84.54,35,0,12.35,clear sky
243,Tezu,IN,27.9167,96.1667,75.87,97,97,2.66,overcast clouds
244,Jiaozuo,CN,35.2397,113.2331,72.37,61,85,4.12,overcast clouds
245,Udachnyy,RU,66.4167,112.4,39.45,86,100,3.31,overcast clouds
246,Mashhad,IR,36.297,59.6062,73.54,33,0,6.91,clear sky
247,Vila Franca Do Campo,PT,37.7167,-25.4333,79.21,73,100,3.36,overcast clouds
248,Tessalit,ML,20.1986,1.0114,102.97,10,87,2.3,overcast clouds
249,Tautira,PF,-17.7333,-149.15,76.68,78,86,16.33,light rain
250,Ayotzintepec,MX,17.6667,-96.1333,87.82,56,83,4.76,broken clouds
251,Lerwick,GB,60.1545,-1.1494,57.2,76,90,7.63,overcast clouds
252,Batagay,RU,67.6333,134.6333,49.01,78,100,10.69,light rain
253,Mentakab,MY,3.4865,102.3516,74.52,97,47,0.43,scattered clouds
254,Gushikawa,JP,26.3544,127.8686,81.63,88,70,18.63,broken clouds
255,Bathsheba,BB,13.2167,-59.5167,88.41,66,40,14.97,scattered clouds
256,Verkhnyaya Inta,RU,65.9811,60.3094,46.62,60,100,13.38,overcast clouds
257,Faya,SA,18.3851,42.4509,75.72,31,40,12.1,scattered clouds
258,Qui Nhon,VN,13.7667,109.2333,79.83,86,18,4.12,few clouds
259,Matagami,CA,49.7502,-77.6328,50.11,71,75,13.8,broken clouds
260,Horadiz,AZ,39.4488,47.3353,77.77,38,0,4.68,clear sky
261,Inver Grove Heights,US,44.848,-93.0427,87.35,58,0,5.75,clear sky
262,Tiksi,RU,71.6872,128.8694,39.83,91,100,23.04,overcast clouds
263,Nago,JP,26.5881,127.9761,80.46,83,60,15.86,broken clouds
264,Kalmunai,LK,7.4167,81.8167,80.01,78,100,0.87,overcast clouds
265,Ishigaki,JP,24.3448,124.1572,82.53,94,75,23.02,broken clouds
266,Inhambane,MZ,-23.865,35.3833,65.23,64,73,8.12,broken clouds
267,Lubango,AO,-14.9172,13.4925,68.02,47,55,7.56,broken clouds
268,Ulaangom,MN,49.9811,92.0667,59.56,53,74,5.21,broken clouds
269,Sambava,MG,-14.2667,50.1667,70.45,86,0,10.94,clear sky
270,Chuy,UY,-33.6971,-53.4616,65.66,66,98,5.97,moderate rain
271,Norden,DE,53.6,7.2,72.95,46,23,17.45,few clouds
272,Tocopilla,CL,-22.092,-70.1979,64.72,63,4,12.17,clear sky
273,Kilifi,KE,-3.6305,39.8499,74.48,82,7,18.84,clear sky
274,Bosobolo,CD,4.1833,19.9,70.72,97,98,5.57,light rain
275,Coahuayana,MX,18.7333,-103.6833,88.84,62,80,1.92,broken clouds
276,Pisco,PE,-13.7,-76.2167,64.45,68,0,11.5,clear sky
277,Minchinabad,PK,30.163,73.5685,90.23,43,2,5.53,clear sky
278,Yaan,NG,7.3833,8.5667,72.7,93,100,7.25,moderate rain
279,Hunchun,CN,42.8675,130.3581,50.45,74,0,3.96,clear sky
280,Shieli,KZ,44.1667,66.75,81.81,13,0,6.8,clear sky
281,Manuk Mangkaw,PH,4.8,119.85,83.82,69,57,5.84,broken clouds
282,Xingyi,CN,24.1877,102.817,62.28,94,90,2.64,overcast clouds
283,Coihaique,CL,-45.5752,-72.0662,49.95,46,40,9.22,scattered clouds
284,The Valley,AI,18.217,-63.0578,89.46,62,20,13.8,few clouds
285,Minab,IR,27.1467,57.0801,89.92,58,0,0.0,haze
286,Ozernovskiy,RU,51.5,156.5167,55.22,84,100,3.58,overcast clouds
287,Vallenar,CL,-28.5708,-70.7581,66.13,37,11,4.65,few clouds
288,Senekal,ZA,-28.3197,27.6208,57.25,43,52,1.77,broken clouds
289,Quatre Cocos,MU,-20.2078,57.7625,69.91,76,53,13.11,broken clouds
290,Deputatskiy,RU,69.3,139.9,38.35,76,95,6.38,overcast clouds
291,Guigue,VE,10.0853,-67.7792,87.62,51,40,0.11,scattered clouds
292,Salalah,OM,17.0151,54.0924,78.89,83,20,2.3,few clouds
293,Athabasca,CA,54.7169,-113.2854,63.01,48,41,19.1,scattered clouds
294,Turukhansk,RU,65.8167,87.9833,44.82,79,100,3.02,overcast clouds
295,Aksum,ET,14.1245,38.7244,59.94,82,82,3.4,light rain
296,Tubarao,BR,-28.4667,-49.0069,80.65,37,3,4.34,clear sky
297,Amalapuram,IN,16.5833,82.0167,79.23,88,70,4.81,broken clouds
298,Mahebourg,MU,-20.4081,57.7,70.09,73,40,8.05,scattered clouds
299,Zhicheng,CN,30.2956,111.5047,71.62,59,98,5.19,overcast clouds
300,Bara,NG,10.3744,10.7288,78.58,88,100,4.38,overcast clouds
301,Vetlanda,SE,57.4289,15.0776,57.4,53,58,4.18,broken clouds
302,San Cristobal,VE,7.7669,-72.225,82.58,43,16,5.37,few clouds
303,Mogadishu,SO,2.0371,45.3438,75.83,79,22,15.86,few clouds
304,Lompoc,US,34.6391,-120.4579,70.21,73,0,6.91,clear sky
305,Port Lincoln,AU,-34.7333,135.8667,53.19,51,95,12.15,overcast clouds
306,Meulaboh,ID,4.1363,96.1285,74.21,94,100,7.78,overcast clouds
307,Abha,SA,18.2164,42.5053,75.45,16,0,14.97,clear sky
308,Ixtapa,MX,20.7,-105.2,90.23,70,40,3.0,scattered clouds
309,Nalut,LY,30.3333,10.85,98.65,13,0,6.96,clear sky
310,Poum,NC,-20.2333,164.0167,73.17,75,84,15.35,broken clouds
311,Camrose,CA,53.0168,-112.8353,70.93,36,49,20.0,scattered clouds
312,Malatya,TR,38.5,38.0,80.65,21,75,8.05,broken clouds
313,Codrington,AU,-38.2667,141.9667,45.91,59,89,9.86,overcast clouds
314,Fort Nelson,CA,58.8053,-122.7002,53.19,76,20,6.91,few clouds
315,Mossendjo,CG,-2.9506,12.7261,80.47,52,100,5.46,overcast clouds
316,Bethel,US,41.3712,-73.414,83.62,41,0,11.01,clear sky
317,Brae,GB,60.3964,-1.353,55.99,73,73,6.42,broken clouds
318,Talavera De La Reina,ES,39.9635,-4.8308,89.35,14,84,14.9,broken clouds
319,Klyuchi,RU,52.2667,79.1667,68.81,49,57,8.95,broken clouds
320,Haines Junction,CA,60.7522,-137.5108,53.55,47,100,10.36,overcast clouds
321,Bambanglipuro,ID,-7.95,110.2833,75.9,89,47,5.26,scattered clouds
322,Port Macquarie,AU,-31.4333,152.9167,54.9,92,84,4.65,broken clouds
323,Paita,PE,-5.0892,-81.1144,70.11,66,57,15.61,broken clouds
324,Ormara,PK,25.2088,64.6357,80.71,81,28,12.5,scattered clouds
325,Alta Floresta,BR,-9.8756,-56.0861,102.02,19,2,5.75,smoke
326,Galle,LK,6.0367,80.217,77.27,89,100,10.18,overcast clouds
327,Huarmey,PE,-10.0681,-78.1522,67.55,66,15,12.39,few clouds
328,Alofi,NU,-19.0595,-169.9187,66.09,94,58,2.3,broken clouds
329,Balkanabat,TM,39.5108,54.3671,93.13,11,0,14.29,clear sky
330,Cabinda,AO,-5.55,12.2,77.14,78,20,6.91,few clouds
331,Upernavik,GL,72.7868,-56.1549,37.8,82,96,11.05,overcast clouds
332,San Lazaro,BZ,18.0387,-88.6622,81.75,86,97,5.28,overcast clouds
333,Abramovka,RU,51.1886,41.0202,61.83,42,99,9.1,overcast clouds
334,Clyde River,CA,70.4692,-68.5914,35.83,93,100,17.27,light rain
335,Shumikha,RU,55.2261,63.2961,69.37,55,95,7.76,light rain
336,Beringovskiy,RU,63.05,179.3167,42.62,91,100,16.64,light rain
337,Ranong,TH,9.9658,98.6348,78.84,88,65,2.71,broken clouds
338,Leningradskiy,RU,69.3833,178.4167,32.18,98,100,15.41,light snow
339,Port Pirie,AU,-33.1833,138.0167,53.69,93,3,6.44,clear sky
340,Maragogi,BR,-9.0122,-35.2225,78.03,72,35,12.3,scattered clouds
341,Moerai,PF,-22.4333,-151.3333,74.26,81,4,11.61,clear sky
342,Olinda,BR,-8.0089,-34.8553,80.33,65,40,17.27,scattered clouds
343,Antofagasta,CL,-23.65,-70.4,60.08,60,1,13.22,clear sky
344,Torbay,CA,47.6666,-52.7314,75.76,80,75,25.32,broken clouds
345,Omsukchan,RU,62.5333,155.8,46.89,85,55,6.38,broken clouds
346,Watsa,CD,3.0372,29.5355,65.41,98,98,2.19,light rain
347,Cockburn Town,TC,21.4612,-71.1419,87.76,58,40,12.66,scattered clouds
348,Porto Novo,BJ,6.4965,2.6036,80.42,81,80,7.7,broken clouds
349,Betioky,MG,-23.7167,44.3833,62.53,57,2,11.99,clear sky
350,Gannan,CN,47.9147,123.5031,57.96,40,27,6.24,scattered clouds
351,San Quintin,MX,30.4833,-115.95,80.04,63,0,9.44,clear sky
352,Tarauaca,BR,-8.1614,-70.7656,98.38,28,46,3.38,scattered clouds
353,Touros,BR,-5.1989,-35.4608,81.5,63,9,20.36,clear sky
354,Dindigul,IN,10.35,77.95,74.5,90,100,2.84,overcast clouds
355,Mount Gambier,AU,-37.8333,140.7667,46.65,58,87,6.64,overcast clouds
356,Hithadhoo,MV,-0.6,73.0833,81.81,71,81,15.32,broken clouds
357,Aklavik,CA,68.2191,-135.0107,55.4,76,40,4.61,scattered clouds
358,Velka Nad Velickou,CZ,48.8826,17.5206,66.85,52,0,14.97,clear sky
359,Zaysan,KZ,47.4667,84.8667,66.78,26,5,8.23,clear sky
360,Kansanshi,ZM,-12.0951,26.4273,66.69,48,76,8.46,broken clouds
361,Berkak,NO,62.825,10.0118,49.03,77,91,2.89,overcast clouds
362,Ornes,NO,66.8689,13.7078,48.81,80,12,6.24,few clouds
363,Ambon,ID,-3.6954,128.1814,76.23,16,20,6.91,few clouds
364,Muros,ES,42.7762,-9.0603,73.69,85,30,5.64,scattered clouds
365,Sao Jose Da Coroa Grande,BR,-8.8978,-35.1478,78.37,69,23,12.5,few clouds
366,Saint-Augustin,CA,51.226,-58.6502,65.62,98,100,12.37,overcast clouds
367,Vostok,RU,46.4856,135.8833,45.05,94,100,5.53,overcast clouds
368,Mayo,US,38.8876,-76.5119,88.5,48,0,15.01,clear sky
369,Novyy Starodub,UA,48.5158,33.1733,63.63,41,22,8.23,few clouds
370,Riyadh,SA,24.6877,46.7219,95.14,12,79,8.66,broken clouds
371,Sidi Ali,DZ,36.0998,0.4206,83.14,47,85,3.33,overcast clouds
372,Vicuna,CL,-30.0319,-70.7081,66.78,41,14,6.46,few clouds
373,Birao,CF,10.2849,22.7882,75.34,80,18,1.97,few clouds
374,Namatanai,PG,-3.6667,152.4333,78.37,82,100,7.18,overcast clouds
375,Talara,PE,-4.5772,-81.2719,72.36,64,0,20.71,clear sky
376,Belmonte,BR,-15.8631,-38.8828,73.58,62,57,10.56,broken clouds
377,Kurumkan,RU,54.3,110.3,54.36,89,86,6.26,overcast clouds
378,Zyryanka,RU,65.75,150.85,50.59,63,70,5.21,broken clouds
379,Tommot,RU,58.9564,126.2925,41.86,92,64,7.47,broken clouds
380,Lianzhou,CN,24.7811,112.3825,71.87,82,46,4.38,scattered clouds
381,Saint-Francois,FR,46.4154,3.9054,81.84,34,0,6.91,clear sky
382,Mao,ES,39.8885,4.2658,81.16,78,0,5.75,clear sky
383,Zabol,AF,32.25,67.25,70.7,25,0,9.48,clear sky
384,Bubaque,GW,11.2833,-15.8333,78.93,81,99,13.53,moderate rain
385,Hambantota,LK,6.1241,81.1185,78.15,80,100,16.4,overcast clouds
386,Provideniya,RU,64.3833,-173.3,47.23,88,98,10.31,overcast clouds
387,Abu Zabad,SD,12.35,29.25,81.36,66,93,0.65,light rain
388,Sao Filipe,CV,14.8961,-24.4956,79.97,77,90,8.14,light rain
389,Hwange,ZW,-18.3693,26.5019,69.4,36,1,3.27,clear sky
390,Mount Isa,AU,-20.7333,139.5,64.17,100,100,6.91,light rain
391,Prince Rupert,CA,54.3161,-130.3201,55.09,100,100,5.75,fog
392,Zhigansk,RU,66.7697,123.3711,40.75,90,100,0.67,overcast clouds
393,Pangai,TO,-19.8,-174.35,73.51,64,20,8.05,few clouds
394,Padang,ID,-0.9492,100.3543,76.46,93,100,11.25,light rain
395,Eyl,SO,7.9803,49.8164,75.78,79,27,22.86,scattered clouds
396,Powell,US,40.1578,-83.0752,85.82,56,20,5.75,few clouds
397,Tiarei,PF,-17.5333,-149.3333,73.42,78,88,15.35,light rain
398,Chara,RU,56.9064,118.2631,40.59,82,62,3.58,broken clouds
399,Oistins,BB,13.0667,-59.5333,87.89,66,40,14.97,scattered clouds
400,Rioja,AR,-29.4111,-66.8507,78.51,12,36,16.22,scattered clouds
401,Kidal,ML,18.4411,1.4078,96.89,26,67,14.25,broken clouds
402,Rapid Valley,US,44.0625,-103.1463,96.42,34,0,10.0,clear sky
403,Mantua,IT,45.1667,10.7833,78.04,60,54,5.01,broken clouds
404,Cayenne,GF,4.9333,-52.3333,87.84,66,40,11.5,scattered clouds
405,Baisha,CN,26.5222,110.9311,67.53,80,66,2.3,broken clouds
406,Sarangani,PH,5.4033,125.4636,83.55,70,88,4.54,overcast clouds
407,Ozerne,UA,50.1782,28.7338,58.05,48,78,9.8,broken clouds
408,Puerto Gaitan,CO,4.3133,-72.0816,88.38,54,18,6.02,few clouds
409,Onega,RU,63.9061,38.1404,46.78,67,100,14.0,light rain
410,Benjamin Hill,MX,30.1667,-111.1,84.43,51,34,3.53,scattered clouds
411,Beloha,MG,-25.1667,45.05,61.65,74,78,9.19,broken clouds
412,Dudinka,RU,69.4058,86.1778,42.62,79,68,12.75,broken clouds
413,Flinders,AU,-34.5833,150.8552,57.38,87,100,4.0,overcast clouds
414,Chico,US,39.7285,-121.8375,102.63,25,20,0.0,few clouds
415,Cosala,MX,24.4125,-106.6908,87.78,56,100,1.9,overcast clouds
416,Erenhot,CN,43.6475,111.9767,64.89,22,4,8.75,clear sky
417,Keflavik,IS,64.0049,-22.5624,50.43,81,75,12.66,broken clouds
418,Westport,US,41.1415,-73.3579,84.88,37,40,8.99,scattered clouds
419,Durazno,UY,-33.4131,-56.5006,59.27,98,100,1.7,moderate rain
420,Mbour,SN,14.422,-16.9638,81.45,76,88,13.76,light rain
421,Manggar,ID,-2.8833,108.2667,81.1,81,34,9.28,scattered clouds
422,Burnie,AU,-41.0667,145.9167,45.91,70,18,10.98,few clouds
423,Cairns,AU,-16.9167,145.7667,74.07,94,100,10.36,overcast clouds
424,Businga,CD,3.3333,20.8833,70.66,98,99,6.08,moderate rain
425,Evensk,RU,61.95,159.2333,48.25,94,44,5.06,scattered clouds
426,Lewistown,US,40.5992,-77.5714,82.87,73,0,4.61,clear sky
427,Lagoa,PT,39.05,-27.9833,72.18,77,100,15.61,overcast clouds
428,Camaqua,BR,-30.8511,-51.8122,78.49,50,19,6.89,few clouds
429,Yatou,CN,37.15,122.3833,65.43,82,0,7.94,clear sky
430,Buraydah,SA,26.326,43.975,97.25,11,86,7.76,overcast clouds
431,Yulara,AU,-25.2406,130.9889,52.16,80,36,8.84,scattered clouds
432,Lakes Entrance,AU,-37.8811,147.981,47.16,80,99,11.72,overcast clouds
433,Telimele,GN,10.9167,-13.3333,71.49,96,95,3.91,moderate rain
434,Helong,CN,42.5397,128.9972,46.78,82,0,4.12,clear sky
435,Trinidad,BO,-14.8333,-64.9,93.18,38,0,11.5,smoke
436,Finschhafen,PG,-6.6024,147.8681,76.87,89,100,8.28,overcast clouds
437,Biak,ID,-0.9131,122.8766,75.42,77,87,4.61,overcast clouds
438,Gisborne,NZ,-38.6533,178.0042,44.64,87,1,7.47,clear sky
439,Fukue,JP,32.6881,128.8419,78.71,84,96,18.52,moderate rain
440,Mehamn,NO,71.0357,27.8492,46.35,76,75,13.8,broken clouds
441,Yerbogachen,RU,61.2767,108.0108,39.16,97,98,8.01,overcast clouds
442,Tokonou,GN,9.65,-9.7833,71.74,89,77,5.64,broken clouds
443,Roma,US,43.2128,-75.4557,67.95,54,75,17.27,broken clouds
444,Kanigoro,ID,-8.13,112.219,71.69,97,24,3.89,few clouds
445,Chimbote,PE,-9.0853,-78.5783,66.51,69,53,12.19,broken clouds
446,Clinton,US,42.587,-82.9199,82.44,52,3,1.99,clear sky
447,Saurimo,AO,-9.6608,20.3916,81.14,24,87,4.18,overcast clouds
448,Bilma,NE,18.6853,12.9164,96.33,30,100,1.43,overcast clouds
449,Nuuk,GL,64.1835,-51.7216,48.81,46,75,12.66,broken clouds
450,Yangambi,CD,0.8102,24.4336,73.89,88,89,3.69,light rain
451,Sergeyevka,KZ,53.88,67.4158,70.57,49,19,8.43,few clouds
452,Bartica,GY,6.4,-58.6167,89.92,47,83,3.33,heavy intensity rain
453,Nome,US,64.5011,-165.4064,50.16,93,100,3.44,mist
454,Hammerfest,NO,70.6634,23.6821,45.05,81,40,10.36,scattered clouds
455,Barra Patuca,HN,15.8,-84.2833,77.74,89,100,6.87,overcast clouds
456,Irati,BR,-25.4672,-50.6511,77.04,37,0,3.69,clear sky
457,Keti Bandar,PK,24.1447,67.4497,81.91,82,90,10.13,overcast clouds
458,Conceicao Do Coite,BR,-11.5639,-39.2828,75.31,57,89,14.58,overcast clouds
459,Arrecife,ES,28.963,-13.5477,84.18,48,0,26.46,clear sky
460,Hermiston,US,45.8404,-119.2895,89.82,28,0,11.5,clear sky
461,Lorengau,PG,-2.0226,147.2712,81.57,77,100,10.74,overcast clouds
462,Sainte-Marie,RE,-20.8968,55.5496,69.93,85,100,2.3,overcast clouds
463,Oranjemund,NA,-28.55,16.4333,56.17,91,24,2.95,few clouds
464,Mareeba,AU,-17.0,145.4333,69.44,91,96,3.13,overcast clouds
465,Lima,PE,-12.0432,-77.0282,59.25,77,100,5.75,overcast clouds
466,Isiro,CD,2.7739,27.616,67.42,92,100,2.84,overcast clouds
467,Votkinsk,RU,57.0486,53.9872,64.78,67,86,2.93,overcast clouds
468,Tshikapa,CD,-6.4167,20.8,78.69,63,91,4.21,overcast clouds
469,Hervey Bay,AU,-25.2986,152.8535,64.8,88,84,6.6,broken clouds
470,Gigmoto,PH,13.7796,124.39,82.81,83,100,16.15,overcast clouds
471,Brejo,BR,-3.6844,-42.7503,97.56,25,60,4.79,broken clouds
472,Korla,CN,41.7597,86.1469,73.35,33,14,15.32,few clouds
473,Duluth,US,46.7833,-92.1066,87.04,48,0,10.36,clear sky
474,Lata,PT,40.1629,-8.3327,69.82,63,46,9.37,scattered clouds
475,Sistranda,NO,63.7256,8.834,57.16,74,92,13.02,overcast clouds
476,Adrar,MR,20.5022,-10.0711,101.95,17,6,3.09,clear sky
477,Plettenberg Bay,ZA,-34.0527,23.3716,66.78,67,100,15.17,overcast clouds
478,Taywarah,AF,33.35,64.4167,57.67,16,0,1.19,clear sky
479,Honiara,SB,-9.4333,159.95,75.51,86,100,4.68,overcast clouds
480,Belfast,GB,54.5833,-5.9333,66.79,68,3,8.05,clear sky
481,Teya,RU,60.3778,92.6267,41.36,80,98,1.3,overcast clouds
482,Darhan,MN,49.4867,105.9228,56.43,68,62,1.9,broken clouds
483,Kumeny,RU,58.1089,49.9161,54.12,58,79,5.23,broken clouds
484,Bosaso,SO,11.2842,49.1816,87.53,62,0,6.71,clear sky
485,Tilichiki,RU,60.4667,166.1,44.71,85,17,3.36,few clouds
486,Kloulklubed,PW,7.0419,134.2556,75.7,70,96,9.42,overcast clouds
487,College,US,64.8569,-147.8028,54.28,75,75,0.0,broken clouds
488,Harlau,RO,47.4333,26.9,69.13,48,98,11.36,light rain
489,San Policarpo,PH,12.1791,125.5072,79.77,86,100,7.43,overcast clouds
490,Port Augusta,AU,-32.5,137.7667,47.7,92,1,9.24,clear sky
491,Kununurra,AU,-15.7667,128.7333,73.38,73,0,0.0,clear sky
492,Tucuma,BR,-0.1833,-50.05,86.7,61,85,6.8,overcast clouds
493,Loandjili,CG,-4.7561,11.8578,74.57,79,100,9.01,overcast clouds
494,Nishihara,JP,26.1842,127.7558,81.68,83,40,18.41,moderate rain
495,Brownsville,US,25.9018,-97.4975,92.01,66,75,10.36,broken clouds
496,Ancud,CL,-41.8697,-73.8203,53.22,69,10,5.32,clear sky
497,Winnemucca,US,40.973,-117.7357,82.45,14,0,3.44,clear sky
498,Middlebury,US,44.0153,-73.1673,66.38,54,40,6.91,scattered clouds
499,Bairiki,KI,1.3292,172.9752,80.6,78,20,10.36,few clouds
500,Daur,PK,26.4583,68.3192,84.13,72,6,12.84,clear sky
501,Jeffersontown,US,38.1942,-85.5644,84.49,53,0,8.05,clear sky
502,Atherton,GB,53.5237,-2.4935,74.89,51,17,3.0,few clouds
503,Abnub,EG,27.2696,31.1511,89.82,21,0,11.56,clear sky
504,Palauig,PH,15.435,119.9045,80.65,86,100,2.98,overcast clouds
505,Forestville,US,38.8451,-76.875,88.48,44,40,5.75,scattered clouds
506,Thinadhoo,MV,0.5333,72.9333,81.88,73,85,19.08,overcast clouds
507,Ostersund,SE,63.1792,14.6357,50.61,66,0,72.01,clear sky
508,Sao Joao Del Rei,BR,-21.1356,-44.2617,75.69,21,0,5.3,clear sky
509,Chapais,CA,49.7834,-74.8492,47.98,92,100,10.33,overcast clouds
510,San Juan,AR,-31.5375,-68.5364,67.39,23,0,19.84,clear sky
511,Whitehorse,CA,60.7161,-135.0538,52.57,62,100,15.01,overcast clouds
512,Doha,QA,25.2867,51.5333,96.78,44,0,4.61,clear sky
513,Gat,IL,31.61,34.7642,82.4,100,0,9.26,clear sky
514,Estelle,US,29.8458,-90.1067,93.0,53,75,10.36,broken clouds
515,Sihor,IN,21.7,71.9667,82.53,77,90,6.33,overcast clouds
516,Konstantinovka,RU,49.6167,127.9833,52.12,56,2,7.63,clear sky
517,Chissamba,AO,-12.1667,17.3333,73.06,20,64,1.52,broken clouds
518,Kalemie,CD,-5.9475,29.1947,74.8,59,23,1.32,few clouds
519,Haveli,PK,30.4502,73.6989,87.84,46,0,4.29,clear sky
520,Ulaanbaatar,MN,47.9077,106.8832,57.33,67,40,8.95,scattered clouds
521,Barentu,ER,15.1139,37.5928,74.01,78,63,7.78,broken clouds
522,Puerto Lempira,HN,15.2667,-83.7667,80.74,83,75,6.08,broken clouds
523,Saint-Denis,FR,48.9167,2.3333,82.56,41,0,11.5,clear sky
524,Imbituba,BR,-28.24,-48.6703,72.86,60,3,19.13,clear sky
525,Vestmannaeyjar,IS,63.4427,-20.2734,50.99,76,40,5.75,scattered clouds
526,Shahreza,IR,32.0339,51.8794,71.74,10,0,7.0,clear sky
527,Santa Cruz,BO,-17.8,-63.1667,89.65,37,0,29.93,smoke
528,La Roda,ES,39.2167,-2.15,85.73,18,100,11.21,overcast clouds
529,Wewak,PG,-3.5534,143.6268,78.37,86,100,7.02,overcast clouds
530,Arteaga,MX,18.4667,-102.4167,76.69,71,92,1.19,overcast clouds
531,Samsun,TR,41.25,36.3333,79.0,96,40,3.44,scattered clouds
532,Vanimo,PG,-2.6741,141.3028,76.8,90,100,5.53,overcast clouds
533,Arman,RU,59.7,150.1667,52.02,98,100,6.17,light rain
534,Sanming,CN,26.2486,117.6186,72.09,96,34,2.42,scattered clouds
535,Tari,NG,12.4086,4.4914,79.25,76,100,4.43,overcast clouds
536,Kayerkan,RU,69.3497,87.7602,41.52,100,64,5.12,broken clouds
537,Ilinskiy,RU,55.619,38.1182,52.14,81,75,7.0,broken clouds
538,Weinan,CN,34.5036,109.5089,70.47,53,99,2.62,overcast clouds
539,Novyy Urengoy,RU,66.0833,76.6333,39.54,94,47,8.55,scattered clouds
540,Avera,US,33.194,-82.5271,89.65,57,23,8.68,few clouds
541,Kapoeta,SS,4.7717,33.5903,81.82,40,6,5.57,clear sky
542,Pervomayskoye,RU,43.919,46.7102,72.57,80,14,7.56,few clouds
543,Goose Creek,US,32.981,-80.0326,89.1,83,75,10.36,thunderstorm
544,Harper,LR,4.375,-7.7169,73.98,92,100,10.42,light rain
545,Mweka,CD,-4.85,21.5667,71.55,87,80,2.37,moderate rain
546,Alice Springs,AU,-23.7,133.8833,45.95,100,100,0.0,fog
547,Kahului,US,20.8947,-156.47,79.84,74,20,11.99,few clouds
548,Craig,US,40.5153,-107.5464,78.42,23,0,0.0,clear sky
549,Sao Lourenco Do Sul,BR,-31.3653,-51.9783,71.94,64,46,3.98,scattered clouds
550,Nizhniy Kuranakh,RU,58.8353,125.4869,40.24,93,56,6.38,broken clouds
551,Dingle,PH,10.9995,122.6711,76.8,92,100,7.16,overcast clouds
552,Gladstone,AU,-23.85,151.25,66.13,82,100,5.75,overcast clouds
553,Fakel,RU,57.6325,53.0252,55.92,70,63,1.48,broken clouds
554,Senno,RU,59.5336,33.9167,41.07,98,100,10.49,light rain
555,Puerto Escondido,MX,15.85,-97.0667,86.83,62,75,6.91,broken clouds
556,Honningsvag,NO,70.9821,25.9704,46.15,71,75,11.5,broken clouds
557,Fenoarivo,MG,-18.933,47.4354,57.27,88,40,13.8,scattered clouds
558,Barranca,PE,-10.75,-77.7667,64.63,68,31,11.81,scattered clouds
559,Totma,RU,59.9747,42.7642,46.18,83,100,9.93,overcast clouds
560,Temir,KZ,49.1414,57.13,78.66,17,2,11.9,clear sky
561,Khandyga,RU,62.6667,135.6,41.18,93,100,2.15,overcast clouds
562,Poso,ID,-1.3959,120.7524,75.06,84,95,5.64,overcast clouds
563,Pangody,RU,65.85,74.4859,43.54,74,93,7.94,overcast clouds
564,Kashi,CN,39.4547,75.9797,70.81,46,19,4.47,few clouds
565,Gravdal,NO,68.1214,13.5031,50.0,67,4,10.56,clear sky
566,Kyabe,TD,9.4515,18.9449,72.34,94,100,4.25,moderate rain
567,Altamira,BR,-3.2033,-52.2064,91.49,62,75,5.75,broken clouds
568,Bilibino,RU,68.0546,166.4372,29.52,86,18,1.32,few clouds
569,Nkowakowa,ZA,-23.8878,30.2871,58.91,32,0,1.14,clear sky
570,Broome,US,42.2506,-75.833,73.62,54,40,11.5,scattered clouds
571,Waipawa,NZ,-41.4122,175.5153,49.23,82,63,14.12,broken clouds
572,Lucapa,AO,-8.4192,20.7447,80.17,30,40,0.67,scattered clouds
573,Luanda,AO,-8.8368,13.2343,71.6,83,42,8.05,scattered clouds
574,La Ronge,CA,55.1001,-105.2842,79.05,41,40,17.27,scattered clouds
575,Palmer,US,42.1584,-72.3287,77.92,43,2,3.0,clear sky
576,Fengrun,CN,39.8333,118.1167,59.92,68,2,2.24,clear sky
577,Hami,CN,42.8,93.45,76.05,17,14,10.4,few clouds
578,Serenje,ZM,-13.2325,30.2352,59.38,57,26,9.66,scattered clouds
579,Jasper,US,37.2001,-94.3502,91.11,59,20,3.44,few clouds
580,At-Bashi,KG,41.1702,75.8106,53.6,43,2,2.51,clear sky
581,Tura,IN,25.5198,90.2201,74.21,96,99,4.32,overcast clouds
582,Roebourne,AU,-20.7833,117.1333,71.13,78,67,6.26,broken clouds
583,Karpathos,GR,35.507,27.2132,78.76,78,40,13.8,scattered clouds
584,Nicoya,CR,10.1483,-85.452,83.95,74,84,2.35,broken clouds
585,Port Blair,IN,11.6667,92.75,80.64,89,40,0.0,mist
586,Seoul,KR,37.5683,126.9778,71.04,91,0,2.3,clear sky
587,Khandbari,NP,27.3747,87.2039,71.89,90,92,2.28,overcast clouds
588,Sibolga,ID,1.7427,98.7792,74.1,94,100,4.94,overcast clouds
589,Bafq,IR,31.6128,55.4107,81.25,11,38,4.97,scattered clouds
590,Verkhnevilyuysk,RU,63.4453,120.3167,39.16,74,100,0.76,overcast clouds
591,Kieta,PG,-6.2167,155.6333,77.47,85,95,3.11,overcast clouds
592,Bana,CM,5.1481,10.2762,59.92,98,88,2.01,light rain
593,Sokoni,TZ,-6.4333,39.55,75.27,76,2,18.7,clear sky
594,Caravelas,BR,-17.7125,-39.2481,73.15,57,44,8.52,scattered clouds
595,Nanning,CN,22.8167,108.3167,81.05,79,96,3.44,overcast clouds
596,Ostrov,RU,57.3439,28.3537,47.93,93,99,7.34,overcast clouds
597,Comodoro Rivadavia,AR,-45.8667,-67.5,58.86,23,0,24.16,clear sky
598,Puerto Madryn,AR,-42.7692,-65.0385,59.09,30,0,15.05,clear sky
599,Road Town,VG,18.4167,-64.6167,91.49,74,40,8.05,scattered clouds
600,Toktogul,KG,41.8708,72.9402,69.87,34,6,3.83,clear sky
601,Huilong,CN,31.8111,121.655,77.94,76,67,15.41,broken clouds
602,Ukiah,US,39.1502,-123.2078,89.92,25,0,0.0,clear sky
603,Sovetskiy,RU,61.3614,63.5842,47.8,88,100,9.84,light rain
604,Kargasok,RU,59.0556,80.8572,42.94,94,100,6.51,overcast clouds
605,Paragominas,BR,-2.9667,-47.4833,96.67,25,33,5.68,scattered clouds
606,Santa Rosa,PH,14.3122,121.1114,82.11,94,100,11.43,overcast clouds
607,Takaka,NZ,-40.85,172.8,56.55,87,98,6.49,overcast clouds
608,Stawell,AU,-37.05,142.7667,41.36,87,86,11.05,overcast clouds
609,Peterhead,GB,57.5058,-1.7981,66.51,85,47,15.64,scattered clouds
610,Vanavara,RU,60.34,102.2797,33.67,97,59,4.05,broken clouds
611,Stornoway,GB,58.2093,-6.3865,63.03,72,20,11.5,few clouds
612,Talaya,RU,61.3833,152.75,47.79,91,76,8.19,broken clouds
613,Alugan,PH,12.2188,125.4808,79.18,87,100,6.87,overcast clouds
614,Kandrian,PG,-6.2167,149.55,76.3,89,99,2.86,light rain
615,Vryheid,ZA,-27.7695,30.7917,52.36,47,13,7.16,few clouds
616,Winslow,US,35.0242,-110.6974,80.78,41,0,8.05,clear sky
617,Young,UY,-32.6833,-57.6333,59.79,99,100,3.2,light rain
618,Cabo San Lucas,MX,22.8909,-109.9124,91.62,69,40,11.5,scattered clouds
619,Jaicos,BR,-7.3592,-41.1378,93.54,21,7,9.51,clear sky
620,Pingliang,CN,35.5392,106.6861,59.45,83,96,3.04,overcast clouds
621,Savannah Bight,HN,16.45,-85.85,82.06,77,74,25.95,broken clouds
622,Tokur,RU,53.1333,132.9,36.3,95,27,3.02,scattered clouds
623,Bikin,RU,46.8161,134.26,45.68,89,77,3.09,broken clouds
624,Sumter,US,28.7086,-82.0831,93.94,62,89,1.81,overcast clouds
625,Yar-Sale,RU,66.8333,70.8333,41.54,76,85,7.92,overcast clouds
626,Concarneau,FR,47.875,-3.9225,66.99,90,100,5.1,light rain
627,Konevo,RU,62.1215,39.3192,38.77,98,100,11.21,light rain
628,Iracoubo,GF,5.4802,-53.2011,80.67,84,57,11.3,broken clouds
629,Saint Anthony,US,45.0205,-93.218,88.83,54,0,5.75,clear sky
630,Mackay,AU,-21.15,149.2,69.67,88,71,9.06,broken clouds
631,Acapulco,MX,16.8634,-99.8901,85.82,74,40,10.36,scattered clouds
632,Kilindoni,TZ,-7.9139,39.6668,75.11,74,20,22.84,few clouds
633,Ndola,ZM,-12.9587,28.6366,68.14,42,88,10.29,overcast clouds
634,Daru,PG,-9.0763,143.2092,77.58,92,100,9.53,light rain
635,Auki,SB,-8.7676,160.7034,75.85,86,99,3.47,overcast clouds
636,Russell,US,32.3502,-85.1999,92.37,36,0,3.65,clear sky
637,Zhezkazgan,KZ,47.8043,67.7144,80.31,24,73,3.29,broken clouds
638,Mezen,RU,65.8522,44.24,47.14,59,100,12.88,overcast clouds
639,Rafai,CF,4.95,23.9167,68.36,97,46,3.62,light rain
640,Bucerias,MX,20.75,-105.3333,88.99,70,40,0.0,scattered clouds
641,Aquiraz,BR,-3.9014,-38.3911,88.45,58,1,13.85,clear sky
642,Corinto,GR,37.9407,22.9573,82.89,56,66,2.62,broken clouds
643,Nyurba,RU,63.2842,118.3319,36.54,87,100,2.44,overcast clouds
644,Mahon,ES,39.8885,4.2658,81.16,78,0,5.75,clear sky
645,Kalianget,ID,-7.05,113.9333,80.08,80,33,9.91,scattered clouds
646,Port-Cartier,CA,50.0334,-66.8654,64.08,72,57,13.69,broken clouds
647,Vrangel,RU,42.7297,133.0839,56.46,64,0,5.7,clear sky
648,Svetlyy,RU,54.675,20.1347,59.05,64,23,8.05,few clouds
649,Plyussa,RU,58.4308,29.3654,43.66,94,100,5.61,light rain
650,Wajima,JP,37.4,136.9,73.69,83,100,16.6,overcast clouds
651,Jucas,BR,-6.5253,-39.5275,93.61,23,4,9.62,clear sky
652,Mehriz,IR,31.5917,54.4318,79.3,11,2,1.61,clear sky
653,Ploemeur,FR,47.7333,-3.4333,67.95,91,100,3.44,overcast clouds
654,Iralaya,HN,15.0,-83.2333,76.66,92,97,6.49,overcast clouds
655,Merauke,ID,-8.4667,140.3333,77.52,90,100,12.88,overcast clouds
656,Panzhihua,CN,26.5851,101.7128,66.72,84,100,1.45,overcast clouds
657,Villers-Les-Nancy,FR,48.671,6.1508,79.05,47,0,12.66,clear sky
658,San Antonio,US,29.4241,-98.4936,91.06,62,75,6.91,broken clouds
659,Arawa,PG,-6.2132,155.5367,75.45,92,92,2.66,overcast clouds
660,Choctaw,US,35.4976,-97.2689,76.39,50,100,19.98,light rain
661,Buala,SB,-8.145,159.5921,78.98,84,99,7.29,overcast clouds
662,Anadyr,RU,64.75,177.4833,41.5,93,75,8.95,light rain
663,Weligama,LK,5.9667,80.4167,76.28,91,100,9.53,overcast clouds
664,Anchorage,US,61.2181,-149.9003,51.19,93,100,12.66,light rain
665,Isabela,PH,6.7085,121.9711,78.3,86,86,3.27,overcast clouds
666,Lengshuitan,CN,26.4111,111.5956,71.38,74,44,4.65,scattered clouds
667,Itarema,BR,-2.9248,-39.9167,85.19,55,33,17.92,scattered clouds
668,Dryden,CA,49.7833,-92.7503,79.09,57,0,6.91,clear sky
669,Mazkeret Batya,IL,31.8539,34.8386,83.21,72,20,9.22,few clouds
670,Peniche,PT,39.3558,-9.3811,74.08,86,36,10.18,scattered clouds
671,Rorvik,NO,64.8621,11.2373,53.58,76,20,6.91,few clouds
672,Rawson,AR,-43.3002,-65.1023,55.72,40,0,11.81,clear sky
673,Jiuquan,CN,39.7432,98.5174,71.37,28,90,5.97,overcast clouds
674,Djibo,BF,14.1022,-1.6306,90.54,44,72,6.11,broken clouds
675,Aska,IN,19.6061,84.6725,80.47,83,73,2.82,broken clouds
676,Tenenkou,ML,14.4572,-4.9169,77.47,77,97,1.12,overcast clouds
677,Diego De Almagro,CL,-26.3667,-70.05,69.13,14,0,8.01,clear sky
678,Lisakovsk,KZ,52.5369,62.4936,77.5,28,41,7.0,scattered clouds
679,Sotnikovo,RU,51.8845,107.4791,48.29,81,70,2.24,broken clouds
680,Kimbe,PG,-5.5502,150.1429,75.25,93,88,4.47,overcast clouds
681,Upata,VE,8.0086,-62.3989,83.19,67,53,3.36,broken clouds
